,s1,s2,s1t,s2t,s1s,s2s,s1ts,s2ts
Linear Regression,0.502236853928236,0.5032117227434598,0.5836947734646325,0.5770807923919743,0.5022368539282369,0.5032117227434615,0.5836947734646306,0.5770807923919756
Decision Tree,0.7209970866797731,0.7187334400807106,0.7336296613112876,0.7308416090326896,0.721085619250164,0.7187580159256061,0.7337143093313585,0.7309154497302555
Polynomial Regression,0.6314531348863184,0.6278052048562381,0.6557633915381887,0.6420006141672094,0.6314537277618568,0.627795992938607,0.655763765198847,0.6420003939576691
Lasso,0.5022368408670428,0.5032117209686557,0.5836942127585993,0.5770808747393843,0.5022367980050235,0.5032117268435299,0.583694748315766,0.5770808032306636
Ridge,0.5022367271680683,0.5032117099836804,0.583694680628529,0.5770808117188209,0.5022367447393601,0.5032117053422326,0.5836946672457856,0.5770807917032419
Elastic Net,0.5022353942110023,0.5032115278918199,0.5836931861911273,0.577081021725449,0.5022367455395553,0.5032117054121381,0.5836946655113151,0.5770807928045361
XGBoost,0.8008672126291442,0.8006132010402058,0.8127291000426926,0.8083200857525839,0.8019475449376918,0.801365306412043,0.8116120487059951,0.8094293334342166
